{"cameraMode":{"drawMode":0,"name":"Shaded","section":"Shading Mode"},"sceneLighting":true,"audioPlay":false,"sceneViewState":{"showFog":false,"showMaterialUpdate":false,"showSkybox":false,"showFlares":false,"showImageEffects":false,"showParticleSystems":false,"showVisualEffectGraphs":true,"m_FxEnabled":true},"in2DMode":false,"pivot":{"x":1.2594292163848878,"y":-6.056876182556152,"z":-30.485031127929689},"rotation":{"x":-0.000831973273307085,"y":0.9932776689529419,"z":-0.11554811894893646,"w":-0.007150705903768539},"size":116.84764099121094,"orthographic":false}